Workbook

Sheet Read Me
A1: Lumostage Stage Configurator — Measurement Verification
A2: Transcribed from Darcy's completed field sheet (scanned PDF, Sept 28 2026). Built to check numbers, not to be the source of truth.
A5: How to use this
A6: Blue text | B6: Copied exactly as Darcy wrote it — including units as written, even where that looks like inches in a feet column.
A7: Black text | B7: Calculated from the blue value via formula — change the blue cell and it recalculates.
A8: Yellow highlight | B8: Needs your eyes before this number gets used. Ambiguous unit, missing value, or a number that doesn't reconcile with another one on the sheet.
A10: Start with the 'Flags Summary' tab | B10: Every yellow item across every section, in one list, so you're not hunting sheet by sheet.
A12: Unit conversions used
A13: Panels → feet | B13: panel count × 0.5m × 3.28084 ft/m (see Constants tab)
A14: Feet-inches → decimal feet | B14: feet + (inches ÷ 12)

Sheet Flags Summary
A1: Flags Summary — everything worth your eyes before these numbers get used
A3: Section | B3: Field | C3: Issue | D3: Suggested Action
A4: 1. Main Volume Wall | B4: Arc angle vs panel count | C4: 50° achieved by 36 panels implies ≈68ft radius — unusually large; the two figures may not both be correct. | D4: Confirm arc angle and panel count against the physical wall, or against known radius.
A5: 1. Main Volume Wall | B5: Footing height | C5: Written 6¾" in a field labeled ft. | D5: Confirm inches (0.56ft) vs feet (6.75ft) reading.
A6: 2. Rolling Walls | B6: Track type | C6: Both walls answered 'Free-rolling', not the expected straight/curved. | D6: Ask Darcy whether this means the rail is straight (free-rolling along it) or something else.
A7: 2. Rolling Walls | B7: Max travel ~100ft | C7: Approximate (~) and unusually long for a rolling wall's travel distance. | D7: Confirm actual figure and whether it's rail length or something else.
A8: 2. Rolling Walls | B8: Wall B = ditto | C8: B's values were written as ditto marks matching A. | D8: Confirm B is truly identical to A, not just abbreviated on the sheet.
A9: 3. Ceiling | B9: Height off ground vs adjustable max | C9: 24ft height off ground is above the stated 20ft adjustable max. | D9: Clarify whether 24ft is a separate rest height, or one of the two numbers is a transcription error.
A10: 3. Ceiling | B10: 'Position in volume' | C10: Field added by hand, left blank. | D10: Ask Darcy what this was meant to capture and get the value.
A11: 4. Stage Deck | B11: Height 13" | C11: Written in a field labeled ft — read as inches. | D11: Confirm 1.08ft (13in) vs 13ft.
A12: 4. Stage Deck | B12: LED wall vs deck overhang note | C12: Stated ~2.5" overhang doesn't match the calculated ~4.8" from the other figures given (5m vs 16ft). '6ft' reference also unclear. | D12: Get exact figures from Darcy rather than relying on the note's arithmetic.
A13: 5. Subway Car | B13: Interior ceiling height (concave) | C13: Ceiling is slightly concave — 6'8" center vs ~6'7 3/8" near door. | D13: Use the near-door figure for door-adjacent interior camera/eyeline checks.
A14: 5. Subway Car | B14: Door count | C14: Answered as '2 double sliding doors' rather than a plain count. | D14: Confirm this covers all doors on that side and both are the same size.
... A20: 10. Sketch (page 3) | B20: Entire diagram | C20: Freehand sketch with no title/legend identifying what it depicts or how its labels map to catalog elements. | D20: Confirm with Darcy directly what this sketch shows before using any of its numbers.

Sheet Constants
A1: Constants used in conversion formulas
A3: Meters to feet | B3: 3.2808399
A4: Panel size (m) | B4: 0.5
A5: Panel size (ft) | B5: =B4*B3 -> 1.6404199

Sheet 1. Main Volume Wall
A1: Field | B1: As Written | C1: Interpreted Value | D1: Flag / Note
A2: Panels high | B2: 10 | C2: =B2*Constants!$B$5 -> 16.404199
A3: Panels wide across curve | B3: 36 | C3: =B3*Constants!$B$5 -> 59.055118 | D3: Interpreted value is ARC LENGTH along the curve, not radius or chord.
A4: Arc angle achieved (°) | B4: 50 | C4: =RADIANS(B4) -> 0.87266463 | D4: Implied radius = arc length ÷ angle(rad), computed in row 5. Cross-check against the physical wall's known radius if there is one.
A5: → Implied radius (ft) | C5: =C3/C4 -> 67.672181 | D5: ≈68 ft radius (≈136 ft diameter) if 50° and 36 panels are both correct — that's a very large volume. Worth sanity-checking both numbers against each other.
A6: Footing height off ground | B6: 6 3/4" | C6: =6.75/12 -> 0.5625 | D6: Written as 6¾" (inches) in a field labeled ft. Interpreted as inches (0.56 ft), which lines up with the sheet's own ~7in/0.58ft estimate. If Darcy meant 6.75 ft, that's a very tall footing — confirm.

Sheet 2. Rolling Walls
A1: Wall # | B1: Panels High | C1: Panels Wide | D1: Height (ft) | E1: Width (ft) | F1: Track (as written) | G1: Max Travel (as written) | H1: Max Travel (ft) | I1: Stowed Position | J1: Flag / Note
A2: A | B2: 8 | C2: 10 | D2: =B2*Constants!$B$5 -> 13.12336 | E2: =C2*Constants!$B$5 -> 16.404199 | F2: Free-rolling | G2: ~100 ft | H2: =100 -> 100 | I2: in volume | J2: Track answered 'Free-rolling' rather than straight/curved — may describe caster freedom rather than rail geometry. ~100ft travel is long for a rolling wall — confirm.
A3: B | B3: 8 | C3: 10 | D3: =B3*Constants!$B$5 -> 13.12336 | E3: =C3*Constants!$B$5 -> 16.404199 | F3: " (ditto — same as A) | G3: " (ditto — same as A) | H3: =100 -> 100 | I3: " (ditto — same as A) | J3: Ditto marks in original — transcribed as matching Wall A. Confirm B truly matches A exactly.

Sheet 3. Ceiling
A1: Field | B1: As Written | C1: Interpreted Value | D1: Flag / Note
A2: Panels long | B2: 8 | C2: =B2*Constants!$B$5 -> 13.12336
A3: Panels wide | B3: 10 | C3: =B3*Constants!$B$5 -> 16.404199
A4: Height off ground (ft) | B4: 24 | C4: =B4 -> 24 | D4: This is ABOVE the adjustable max of 20ft entered below — see flag.
A5: Fixed or adjustable? | B5: Adjustable
A6: Min height (ft) | B6: 4 | C6: =B6 -> 4
A7: Max height (ft) | B7: 20 | C7: =B7 -> 20 | D7: 24ft 'height off ground' exceeds this 20ft max — one of the two numbers is likely wrong, or 'height off ground' is a separate rest/default height outside the adjustable range.
A8: 'Position in volume' (added field) | B8: — not filled in — | D8: Darcy added this as a field on the sheet but left it blank. Follow up on what it should capture.

Sheet 4. Stage Deck
A1: Field | B1: As Written | C1: Interpreted Value | D1: Flag / Note
A2: Height | B2: 13" | C2: =13/12 -> 1.0833333 | D2: Written 13" (inches) in a field labeled ft. Interpreted as inches (1.08 ft) — plausible for a low caster deck. If Darcy meant 13 ft, that's an unusually tall riser — confirm.
A3: Length | B3: 16 | C3: =B3 -> 16
A4: Depth | B4: 4 | C4: =B4 -> 4
A5: Note: casters | B5: Heavy duty casters
A6: Note: LED wall vs deck length | B6: "LED wall is longer than deck: 6ft vs 5m (16'5"), overhang of approx. 2.5\"" | D6: As written, the math doesn't quite reconcile: 5m ≈ 16'5" (16.4ft) vs 16ft deck length gives ≈4.8" overhang by calculation, not the ~2.5" stated. The '6ft' reference is also unclear against the 16ft deck length above. Worth confirming the exact figures with Darcy directly.

Sheet 5. Subway Car
A1: Field | B1: As Written | C1: Feet | D1: Inches | E1: Interpreted (ft) | F1: Flag / Note
A2: Exterior length | B2: 36'2" | C2: 36 | D2: 2 | E2: =C2+D2/12 -> 36.166667
A3: Exterior width | B3: 8'6" | C3: 8 | D3: 6 | E3: =C3+D3/12 -> 8.5
A4: Exterior height | B4: 9'8" | C4: 9 | D4: 8 | E4: =C4+D4/12 -> 9.6666667
A5: Interior floor-to-ceiling height | B5: 6'8" | C5: 6 | D5: 8 | E5: =C5+D5/12 -> 6.6666667 | F5: Ceiling noted as slightly concave — see row 6 for the lower figure near the door.
A6: → Interior height near door | B6: 6'7 3/8" | C6: 6 | D6: 7.375 | E6: =C6+D6/12 -> 6.6145833 | F6: Use this figure, not row 5, for eyeline checks near the door — ceiling curves down slightly toward the door.
A7: Window sill height from floor | B7: 37" | E7: =37/12 -> 3.0833333 | F7: Written as inches (37") in a field labeled ft — an unambiguous read given the magnitude; converts to 3'1".
A8: Door opening width | B8: 48" | E8: =48/12 -> 4 | F8: Written as inches; converts to 4 ft.
A9: Door opening height | B9: 6'3" | C9: 6 | D9: 3 | E9: =C9+D9/12 -> 6.25
A10: Number of doors per side | B10: 2 double sliding doors | F10: Answered descriptively rather than as a count. Interpreted as 2 double-sliding door units per side — confirm this is the total, and that both are the same size.

Sheet 6. Station Platform
A1: Version | B1: Length (ft) | C1: Width (ft) | D1: Height off ground (ft) | E1: Notes | F1: Flag
A2: v1 | B2: 24 | C2: 16 | D2: — not filled in — | E2: One side — for use with physical train set | F2: Height off ground missing — needed for camera/eyeline placement relative to platform.
A3: v2 | B3: 24 | C3: 20 | D3: — not filled in — | E3: Two side, full length | F3: Height off ground missing — needed for camera/eyeline placement relative to platform.
A4: v3 | B4: 16 | C4: 20 | D4: — not filled in — | E4: Two side, removable | F4: Height off ground missing — needed for camera/eyeline placement relative to platform.

Sheet 7. Rooftop Set
A1: Version | B1: Length (ft) | C1: Width (ft) | D1: Parapet As Written | E1: Parapet (ft) | F1: Notes | G1: Flag
A2: v1 | B2: — not filled in — | C2: — not filled in — | D2: 15 3/4" | E2: =15.75/12 -> 1.3125 | F2: low, out-of-code style | G2: Length/width not filled in. Parapet written with inch mark; matches Notes tab entry — confident it's inches (1.31ft), not feet.
A3: v2 | B3: — not filled in — | C3: — not filled in — | D3: 40 1/2" | E3: =40.5/12 -> 3.375 | F3: w/ brick wall parapet | G3: Length/width not filled in. Parapet as inches (3.38ft) — matches Notes tab entry.
A4: v3 | B4: — not filled in — | C4: — not filled in — | G4: Not started.
A5: (extra note, no version #) | F5: variable based on deck choice | G5: Reads as an architecture note, not a missing number: rooftop footprint may be meant to derive from whichever platform/deck it's paired with, rather than being fixed per version. Worth confirming before locking the catalog schema — may need rooftop dimensions to reference the paired platform instead of standing alone.

Sheet 8. Door Box
A1: Version | B1: As Written | C1: Feet (L/W/H) | D1: Interpreted (ft) | E1: Notes | F1: Flag
A2: v1 — Length | B2: 12'1" | C2: 12 + 1/12 | D2: =12+1/12 -> 12.083333 | E2: brick side or stucco side | F2: Note suggests two finish options for the same box — confirm that's a visual/material variant, not two different-sized versions.
A3: v1 — Width | B3: 4'4" | C3: 4 + 4/12 | D3: =4+4/12 -> 4.3333333
A4: v1 — Height | B4: 10'2" | C4: 10 + 2/12 | D4: =10+2/12 -> 10.166667
A5: v2 | B5: — not filled in — | F5: Not started.
A6: v3 | B6: — not filled in — | F6: Not started.

Sheet 9. Notes (as written)
A1: Item (as written) | B1: Note (as written) | C1: Cross-reference | D1: Flag
A2: roof parapets | B2: low - 15 3/4" | C2: Matches Rooftop Set v1 parapet — confirms the inches reading.
A3: 4 brick wall | B3: brick - 40 1/2" | C3: Matches Rooftop Set v2 parapet — confirms the inches reading. | D3: Label '4 brick wall' is odd phrasing — possibly shorthand for 'w/ brick wall', matching v2's note. Confirm.

Sheet 10. Sketch (page 3)
A1: Freehand diagram at the bottom of page 3 — subject not labeled.
A2: Transcribed measurements below. Recommend confirming with Darcy what this diagram actually depicts before using any of these numbers — it isn't clear whether it maps to the main wall, rolling walls, or something else entirely.
A4: Label on sketch | B4: As Written | C4: Interpreted (ft) | D4: Position on sketch
A5: Overall span | B5: 38 ft | C5: =38 -> 38 | D5: Top of sketch, spanning the full width
A6: Arc height/radius | B6: 16 ft | C6: =16 -> 16 | D6: Vertical label under the arc apex
A7: Left offset | B7: 10'9" | C7: =10+9/12 -> 10.75 | D7: Left edge to the center box
A8: Center box — width | B8: 16'6" | C8: =16+6/12 -> 16.5 | D8: Bottom of the central box
A9: Center box — height | B9: 13'8" | C9: =13+8/12 -> 13.666667 | D9: Right side of the central box
A10: Left-side element | B10: 16 ft (approx label position) | C10: =16 -> 16 | D10: Thin vertical rectangle, far left
A11: Right-side element | B11: 4 ft | C11: =4 -> 4 | D11: Thin vertical rectangle, far right
